car_ID,brand,model,symboling,fueltype,aspiration,doornumber,carbody,drivewheel,enginelocation,wheelbase,carlength,carwidth,carheight,curbweight,enginetype,cylindernumber,enginesize,fuelsystem,boreratio,stroke,compressionratio,horsepower,peakrpm,citympg,highwaympg,price,power_to_weight,car_volume,mpg_ratio,is_luxury,city_score,outdoor_score,sport_score,city_score_normalized,outdoor_score_normalized,sport_score_normalized
1,alfa-romeo,giulia,3,gas,standard,2,convertible,Rear Wheel Drive,front,88.6,168.8,64.1,48.8,2548,DOHC (Double Overhead Camshaft),4,2.17,Multi-Point Fuel Injection,3.47,2.68,9.0,111,5000,21,27,13495,0.04356357927786499,528019.904,0.7777777777777778,0,3.420573280275559,2.224952931278267,2.6361243820152724,0.06022346416506119,0.15613197954310376,0.2091420035457532
2,alfa-romeo,stelvio,3,gas,standard,2,convertible,Rear Wheel Drive,front,88.6,168.8,64.1,48.8,2548,DOHC (Double Overhead Camshaft),4,2.17,Multi-Point Fuel Injection,3.47,2.68,9.0,111,5000,21,27,16500,0.04356357927786499,528019.904,0.7777777777777778,0,3.420573280275559,2.224952931278267,2.6361243820152724,0.06022346416506119,0.15613197954310376,0.2091420035457532
3,alfa-romeo,quadrifoglio,1,gas,standard,2,hatchback,Rear Wheel Drive,front,94.5,171.2,65.5,52.4,2823,OHC (Overhead Camshaft),6,2.53,Multi-Point Fuel Injection,2.68,3.47,9.0,154,5000,19,26,16500,0.05455189514700673,587592.6399999999,0.7307692307692307,0,3.701658985518562,2.925202860044697,3.4430461494163027,0.11952614150210841,0.32838674118555994,0.3705002733127181
4,audi,100ls,2,gas,standard,4,sedan,Front Wheel Drive,front,99.8,176.6,66.2,54.3,2337,OHC (Overhead Camshaft),4,1.82,Multi-Point Fuel Injection,3.19,3.4,10.0,102,5500,24,30,13950,0.043645699614890884,634816.956,0.8,0,5.705351516172459,3.694203139638989,4.0235281978236275,0.5422595975677383,0.5175534292819763,0.48657791893562874
5,audi,100ls,2,gas,standard,4,sedan,Four Wheel Drive,front,99.4,176.6,66.4,54.3,2824,OHC (Overhead Camshaft),5,2.27,Multi-Point Fuel Injection,3.19,3.4,8.0,115,5500,18,22,17450,0.04072237960339943,636734.8319999999,0.8181818181818182,1,5.573226082888456,3.8942035334117264,4.412434720378368,0.5143841425306884,0.5667516065933395,0.5643466520590871
6,audi,fox,2,gas,standard,2,sedan,Front Wheel Drive,front,99.8,177.3,66.3,53.1,2507,OHC (Overhead Camshaft),5,2.27,Multi-Point Fuel Injection,3.19,3.4,8.5,110,5500,19,25,15250,0.043877143996808934,624189.969,0.76,0,4.290773561071676,2.8331040175174786,3.228371666858053,0.24381588992021117,0.305731309866889,0.32757231614496674
7,audi,100ls,1,gas,standard,4,sedan,Front Wheel Drive,front,105.8,192.7,71.4,55.7,2844,OHC (Overhead Camshaft),5,2.27,Multi-Point Fuel Injection,3.19,3.4,8.5,110,5500,19,25,17710,0.03867791842475387,766364.0460000001,0.76,1,6.6293704534738405,3.945472476502813,4.471461615370153,0.7372065332176049,0.5793632745264917,0.5761501230154694
8,audi,5000,1,gas,standard,4,wagon,Front Wheel Drive,front,105.8,192.7,71.4,55.7,2954,OHC (Overhead Camshaft),5,2.27,Multi-Point Fuel Injection,3.19,3.4,8.5,110,5500,19,25,18920,0.037237643872714964,766364.0460000001,0.76,1,6.67203918892768,3.923525705260627,4.492183579581806,0.7462086638980369,0.5739645794408614,0.5802938460211515
9,audi,4000,1,gas,turbo,4,sedan,Front Wheel Drive,front,105.8,192.7,71.4,55.9,3086,OHC (Overhead Camshaft),5,2.18,Multi-Point Fuel Injection,3.13,3.4,8.3,140,5500,17,20,23875,0.04536616979909268,769115.802,0.85,1,6.788860179783706,4.16864593960061,4.788506296466399,0.7708552303996661,0.6342618044821517,0.6395488107783249
10,audi,5000s,0,gas,turbo,2,hatchback,Four Wheel Drive,front,99.5,178.2,67.9,52.0,3053,OHC (Overhead Camshaft),5,2.18,Multi-Point Fuel Injection,3.13,3.4,7.0,160,5500,16,22,17859,0.05240746806419915,629188.56,0.7272727272727273,1,3.916039583101258,2.6506004593140973,3.2576601955437328,0.16475556145706163,0.2608371861750756,0.33342907513160674
11,bmw,320i,2,gas,standard,2,sedan,Rear Wheel Drive,front,101.2,176.8,64.8,54.3,2395,OHC (Overhead Camshaft),4,1.8,Multi-Point Fuel Injection,3.5,2.8,8.8,101,5800,23,29,16430,0.042171189979123176,622095.5519999999,0.7931034482758621,0,4.5509958952270395,2.7038492098092908,3.055672328505955,0.29871687147303577,0.2739358677279125,0.29303803097362013
12,bmw,320i,0,gas,standard,4,sedan,Rear Wheel Drive,front,101.2,176.8,64.8,54.3,2395,OHC (Overhead Camshaft),4,1.8,Multi-Point Fuel Injection,3.5,2.8,8.8,101,5800,23,29,16925,0.042171189979123176,622095.5519999999,0.7931034482758621,1,5.150995895227039,3.3038492098092913,3.655672328505955,0.42530319635023806,0.42153010906906,0.41301863599807614
13,bmw,x1,0,gas,standard,2,sedan,Rear Wheel Drive,front,101.2,176.8,64.8,54.3,2710,OHC (Overhead Camshaft),6,2.73,Multi-Point Fuel Injection,3.31,3.19,9.0,121,4250,21,28,20970,0.044649446494464944,622095.5519999999,0.75,1,4.081594424295238,2.8358303418777626,3.3098412030104236,0.19968385964435298,0.306401959492899,0.34386358987600546
14,bmw,x3,0,gas,standard,4,sedan,Rear Wheel Drive,front,101.2,176.8,64.8,54.3,2765,OHC (Overhead Camshaft),6,2.73,Multi-Point Fuel Injection,3.31,3.19,9.0,121,4250,21,28,21105,0.04376130198915009,622095.5519999999,0.75,1,5.102928792022159,3.822296877538928,4.317642106398509,0.41516213311323985,0.5490632593917982,0.5453911934304985
15,bmw,z4,1,gas,standard,4,sedan,Rear Wheel Drive,front,103.5,189.0,66.9,55.7,3055,OHC (Overhead Camshaft),6,2.73,Multi-Point Fuel Injection,3.31,3.19,9.0,121,4250,20,25,24565,0.03960720130932897,704276.3700000001,0.8,1,6.1856960155309055,4.142719133453615,4.750554664873321,0.6436013389823474,0.627884059009377,0.6319597112446537
16,bmw,x4,0,gas,standard,4,sedan,Rear Wheel Drive,front,103.5,189.0,66.9,55.7,3230,OHC (Overhead Camshaft),6,3.48,Multi-Point Fuel Injection,3.62,3.39,8.0,182,5400,16,22,30760,0.056346749226006194,704276.3700000001,0.7272727272727273,1,5.678395648187703,4.6220295198821795,5.297747130432994,0.5365725237976294,0.7457898137624707,0.7413805163824426
17,bmw,x5,0,gas,standard,2,sedan,Rear Wheel Drive,front,103.5,193.8,67.9,53.7,3380,OHC (Overhead Camshaft),6,3.48,Multi-Point Fuel Injection,3.62,3.39,8.0,182,5400,16,22,41315,0.05384615384615385,706639.3740000002,0.7272727272727273,1,4.730895906405533,3.417259010657719,4.151161260463771,0.336671673573791,0.4494278315971839,0.5121004057301098
18,bmw,x3,0,gas,standard,4,sedan,Rear Wheel Drive,front,110.0,197.0,70.9,56.3,3505,OHC (Overhead Camshaft),6,3.48,Multi-Point Fuel Injection,3.62,3.39,8.0,182,5400,15,20,36880,0.051925820256776035,786358.99,0.75,1,6.663418152585819,4.794168183773348,5.576557632958763,0.7443898217194551,0.7881342729332969,0.7971336043494665
19,chevrolet,impala,2,gas,standard,2,hatchback,Front Wheel Drive,front,88.4,141.1,60.3,53.2,1488,Inline Engine,3,1.02,2-Barrel Carburetor,2.91,3.03,9.5,48,5100,47,53,5151,0.03225806451612903,452643.156,0.8867924528301887,0,3.932442123558392,1.5902453242969525,1.5902453242969525,0.16821612364892533,0.0,0.0
20,chevrolet,monte carlo,1,gas,standard,2,hatchback,Front Wheel Drive,front,94.5,155.9,63.6,52.0,1874,OHC (Overhead Camshaft),4,1.5,2-Barrel Carburetor,3.03,3.11,9.6,70,5400,38,43,6295,0.03735325506937033,515592.48,0.8837209302325582,0,4.094960340167291,1.846238139305827,1.9959666109893024,0.20250376325912142,0.06297177553336583,0.08113114241441483
21,chevrolet,vega 2300,0,gas,standard,4,sedan,Front Wheel Drive,front,94.5,158.8,63.6,52.0,1909,OHC (Overhead Camshaft),4,1.5,2-Barrel Carburetor,3.03,3.11,9.6,70,5400,38,43,6575,0.03666841278156103,525183.36,0.8837209302325582,0,4.976201999180736,2.635802575470967,2.7991074629806647,0.38842566816445595,0.25719704877627353,0.24173335131738263
22,dodge,rampage,1,gas,standard,2,hatchback,Front Wheel Drive,front,93.7,157.3,63.8,50.8,1876,OHC (Overhead Camshaft),4,1.5,2-Barrel Carburetor,2.97,3.23,9.41,68,5500,37,41,5572,0.03624733475479744,509815.59199999995,0.9024390243902439,0,3.962525570770802,1.6977292787085396,1.8482335455820849,0.17456304535268585,0.026440021179541112,0.05158930479828901
23,dodge,challenger se,1,gas,standard,2,hatchback,Front Wheel Drive,front,93.7,157.3,63.8,50.8,1876,OHC (Overhead Camshaft),4,1.5,2-Barrel Carburetor,2.97,3.23,9.4,68,5500,31,38,6377,0.03624733475479744,509815.59199999995,0.8157894736842105,0,3.4963490429768163,1.6977292787085396,1.8482335455820849,0.07621042302359313,0.026440021179541112,0.05158930479828901
24,dodge,d200,1,gas,turbo,2,hatchback,Front Wheel Drive,front,93.7,157.3,63.8,50.8,2128,OHC (Overhead Camshaft),4,1.63,Multi-Point Fuel Injection,3.03,3.39,7.6,102,5500,24,30,7957,0.047932330827067667,509815.59199999995,0.8,0,3.148937089131887,2.0469292995564716,2.2951837603788148,0.0029144189308633554,0.11233987476848008,0.14096490011015936
25,dodge,monaco,1,gas,standard,4,hatchback,Front Wheel Drive,front,93.7,157.3,63.8,50.6,1967,OHC (Overhead Camshaft),4,1.5,2-Barrel Carburetor,2.97,3.23,9.4,68,5500,31,38,6229,0.03457041179461108,507808.444,0.8157894736842105,0,4.509878543162572,2.6555098141077016,2.8413127621294243,0.2900420473288309,0.2620448403354699,0.25017304686255987
26,dodge,colt,1,gas,standard,4,sedan,Front Wheel Drive,front,93.7,157.3,63.8,50.6,1989,OHC (Overhead Camshaft),4,1.5,2-Barrel Carburetor,2.97,3.23,9.4,68,5500,31,38,6692,0.03418803418803419,507808.444,0.8157894736842105,0,4.51841229025334,2.6496831792846414,2.844019874397132,0.2918424734649172,0.2606115440916674,0.2507143818088077
27,dodge,colt,1,gas,standard,4,sedan,Front Wheel Drive,front,93.7,157.3,63.8,50.6,1989,OHC (Overhead Camshaft),4,1.5,2-Barrel Carburetor,2.97,3.23,9.4,68,5500,31,38,7609,0.03418803418803419,507808.444,0.8157894736842105,0,4.51841229025334,2.6496831792846414,2.844019874397132,0.2918424734649172,0.2606115440916674,0.2507143818088077
28,dodge,coronet,1,gas,turbo,2,sedan,Front Wheel Drive,front,93.7,157.3,63.8,50.6,2191,OHC (Overhead Camshaft),4,1.63,Multi-Point Fuel Injection,3.03,3.39,7.6,102,5500,24,30,8558,0.04655408489274304,507808.444,0.8,0,3.151605456656666,2.0092610480230344,2.2819530573325766,0.003477383661502429,0.10307384642227144,0.1383191871828484
29,dodge,dart,-1,gas,standard,4,wagon,Front Wheel Drive,front,103.3,174.6,64.6,59.8,2535,OHC (Overhead Camshaft),4,2.03,2-Barrel Carburetor,3.34,3.46,8.5,88,5000,24,30,8921,0.03471400394477318,674493.7679999998,0.8,0,5.680210567835896,3.5077626459135933,3.9138914279151447,0.5369554304779832,0.47169085723752835,0.4646541089580507
30,dodge,coronet,3,gas,turbo,2,hatchback,Front Wheel Drive,front,95.9,173.2,66.3,50.2,2811,OHC (Overhead Camshaft),4,2.6,Mechanical Fuel Injection,3.6,3.9,7.0,145,5000,19,24,12964,0.05158306652436855,576454.632,0.7916666666666666,0,4.125069970881545,2.9158201314409453,3.429008649672132,0.20885620908499994,0.326078680002259,0.3676932271254911
31,honda,civic,2,gas,standard,2,hatchback,Front Wheel Drive,front,86.6,144.6,63.9,50.8,1713,OHC (Overhead Camshaft),4,1.53,1-Barrel Carburetor,2.91,3.41,9.6,58,4800,49,54,6479,0.033858727378867484,469388.95199999993,0.9074074074074074,0,4.296396213279632,1.619470868934884,1.7067478278177388,0.24500214138532422,0.00718920348102889,0.023296734765479582
32,honda,civic cvcc,2,gas,standard,2,hatchback,Front Wheel Drive,front,86.6,144.6,63.9,50.8,1819,OHC (Overhead Camshaft),4,1.53,1-Barrel Carburetor,2.91,3.41,9.2,76,6000,31,38,6855,0.04178119846069269,469388.95199999993,0.8157894736842105,0,3.18325144093352,1.8151927550915965,1.943586859048152,0.010153965072716974,0.05533490898295955,0.07065688519953124
33,honda,civic,1,gas,standard,2,hatchback,Front Wheel Drive,front,93.7,150.0,64.0,52.6,1837,OHC (Overhead Camshaft),4,1.32,1-Barrel Carburetor,2.91,3.07,10.1,60,5500,38,42,5399,0.0326619488296135,504960.0,0.9047619047619048,0,4.05277161375804,1.7189458376647688,1.8543220983319526,0.19360290354679327,0.03165909105123174,0.05280681853604309
34,honda,accord cvcc,1,gas,standard,2,hatchback,Front Wheel Drive,front,93.7,150.0,64.0,52.6,1940,OHC (Overhead Camshaft),4,1.53,1-Barrel Carburetor,2.91,3.41,9.2,76,6000,30,34,6529,0.03917525773195876,504960.0,0.8823529411764706,0,3.6029355298174712,1.9324807543383922,2.107810467294172,0.0986977424414778,0.08418663109504601,0.10349629832729243
35,honda,civic cvcc,1,gas,standard,2,hatchback,Front Wheel Drive,front,93.7,150.0,64.0,52.6,1956,OHC (Overhead Camshaft),4,1.53,1-Barrel Carburetor,2.91,3.41,9.2,76,6000,30,34,7129,0.03885480572597137,504960.0,0.8823529411764706,0,3.6091418913380298,1.9275977361252683,2.1091338106016067,0.10000714326772245,0.08298545548067764,0.10376092421176089
36,honda,accord lx,0,gas,standard,4,sedan,Front Wheel Drive,front,96.5,163.4,64.0,54.5,2010,OHC (Overhead Camshaft),4,1.53,1-Barrel Carburetor,2.91,3.41,9.2,76,6000,30,34,7295,0.03781094527363184,569939.2000000001,0.8823529411764706,0,5.0352426134665675,2.9516574728927463,3.1541400175009704,0.4008818921326824,0.3348943220410293,0.31272838580859
37,honda,civic 1500 gl,0,gas,standard,4,wagon,Front Wheel Drive,front,96.5,157.1,63.9,58.3,2024,OHC (Overhead Camshaft),4,1.53,1-Barrel Carburetor,2.92,3.41,9.2,76,6000,30,34,7295,0.037549407114624504,585255.6269999999,0.8823529411764706,0,5.293913645470263,3.264338845131548,3.4722519560702603,0.455455584288584,0.41181093856952067,0.376340490567
38,honda,accord,0,gas,standard,2,hatchback,Front Wheel Drive,front,96.5,167.5,65.2,53.3,2236,OHC (Overhead Camshaft),4,1.83,1-Barrel Carburetor,3.15,3.58,9.0,86,5800,27,33,7895,0.038461538461538464,582089.2999999999,0.8181818181818182,0,3.941995337332106,1.9712650296422907,2.261412430728404,0.17023163401955993,0.0937271905774545,0.13421172583693164
39,honda,civic 1300,0,gas,standard,2,hatchback,Front Wheel Drive,front,96.5,167.5,65.2,53.3,2289,OHC (Overhead Camshaft),4,1.83,1-Barrel Carburetor,3.15,3.58,9.0,86,5800,27,33,9095,0.037570991699432066,582089.2999999999,0.8181818181818182,0,3.9625539098689564,1.9576949599352682,2.268400933558232,0.17456902425649534,0.09038908367186373,0.13560920049982808
40,honda,prelude,0,gas,standard,4,sedan,Front Wheel Drive,front,96.5,175.4,65.2,54.1,2304,OHC (Overhead Camshaft),4,1.83,1-Barrel Carburetor,3.15,3.58,9.0,86,5800,27,33,8845,0.03732638888888889,618691.9280000001,0.8181818181818182,0,5.245999643284248,3.0206343914573663,3.337158829005854,0.44534682187710767,0.351861981983688,0.34932623203394464
41,honda,accord,0,gas,standard,4,sedan,Front Wheel Drive,front,96.5,175.4,62.5,54.1,2372,OHC (Overhead Camshaft),4,1.83,1-Barrel Carburetor,3.15,3.58,9.0,86,5800,27,33,10295,0.03625632377740304,593071.25,0.8181818181818182,0,4.982244524189618,3.004328837642798,3.347230311653659,0.38970050322087746,0.3478509722421739,0.3513402030032396
42,honda,civic,0,gas,standard,4,sedan,Front Wheel Drive,front,96.5,175.4,65.2,54.1,2465,OHC (Overhead Camshaft),4,1.83,Multi-Point Fuel Injection,3.15,3.58,9.0,101,5800,24,28,12945,0.040973630831643,618691.9280000001,0.8571428571428571,0,5.192712429102123,3.138710728947476,3.5176866792965837,0.4341044342000083,0.38090762773734466,0.38542596653668826
43,honda,civic,1,gas,standard,2,sedan,Front Wheel Drive,front,96.5,169.1,66.0,51.0,2293,OHC (Overhead Camshaft),4,1.83,2-Barrel Carburetor,3.15,3.58,9.1,100,5500,25,31,10345,0.043610989969472304,569190.6,0.8064516129032258,0,3.892149551827609,2.116398565078781,2.428656129081884,0.1597153093568405,0.1294286473373,0.1676550593618952
44,isuzu,mu x,0,gas,standard,4,sedan,Rear Wheel Drive,front,94.3,170.7,61.8,53.5,2337,OHC (Overhead Camshaft),4,1.85,2-Barrel Carburetor,3.31,3.23,8.5,78,4800,24,29,6785,0.03337612323491656,564385.4099999999,0.8275862068965517,0,4.4884632095676915,2.817502478875912,3.1468275370605507,0.2855239000358388,0.30189348110096126,0.31126612609613824
45,isuzu,d max,1,gas,standard,2,sedan,Front Wheel Drive,front,94.5,155.9,63.6,52.0,1874,OHC (Overhead Camshaft),4,1.5,2-Barrel Carburetor,3.03,3.11,9.6,70,5400,38,43,8916,0.03735325506937033,515592.48,0.8837209302325582,0,4.094960340167291,1.846238139305827,1.9959666109893024,0.20250376325912142,0.06297177553336583,0.08113114241441483
46,isuzu,d max v cross,0,gas,standard,4,sedan,Front Wheel Drive,front,94.5,155.9,63.6,52.0,1909,OHC (Overhead Camshaft),4,1.5,2-Barrel Carburetor,3.03,3.11,9.6,70,5400,38,43,8916,0.03666841278156103,515592.48,0.8837209302325582,0,4.908536755993513,2.635802575470967,2.7991074629806647,0.37414984406946805,0.25719704877627353,0.24173335131738263
47,isuzu,d max,2,gas,standard,2,hatchback,Rear Wheel Drive,front,96.0,172.6,65.2,51.4,2734,OHC (Overhead Camshaft),4,1.98,spfi,3.43,3.23,9.2,90,5000,24,29,11048,0.03291880029261156,578430.928,0.8275862068965517,0,4.264418893840628,2.1645749741812024,2.6478953775947014,0.23825565580664457,0.14127958159065443,0.21149582216468668
48,jaguar,xj,0,gas,standard,4,sedan,Rear Wheel Drive,front,113.0,199.6,69.6,52.8,4066,DOHC (Double Overhead Camshaft),6,4.3,Multi-Point Fuel Injection,3.63,4.17,8.1,176,4750,15,19,32250,0.04328578455484506,733506.0479999998,0.7894736842105263,1,6.547099670831124,4.619250047158436,5.619250047158436,0.719849273185084,0.7451060901491552,0.8056707071588524
49,jaguar,xf,0,gas,standard,4,sedan,Rear Wheel Drive,front,113.0,199.6,69.6,52.8,4066,DOHC (Double Overhead Camshaft),6,4.3,Multi-Point Fuel Injection,3.63,4.17,8.1,176,4750,15,19,35550,0.04328578455484506,733506.0479999998,0.7894736842105263,1,6.547099670831124,4.619250047158436,5.619250047158436,0.719849273185084,0.7451060901491552,0.8056707071588524
50,jaguar,xk,0,gas,standard,2,sedan,Rear Wheel Drive,front,102.0,191.7,70.6,47.8,3950,OHC (Overhead Camshaft),12,5.43,Multi-Point Fuel Injection,3.54,2.76,11.5,262,5000,13,17,36000,0.06632911392405064,646926.1559999998,0.7647058823529411,1,4.338826684323335,4.447584967951867,5.402588846927817,0.2539540037057091,0.702878128265386,0.7623454706771949
51,mazda,rx3,1,gas,standard,2,hatchback,Front Wheel Drive,front,93.1,159.1,64.2,54.1,1890,OHC (Overhead Camshaft),4,1.52,2-Barrel Carburetor,3.03,3.15,9.0,68,5000,30,31,5195,0.03597883597883598,552589.302,0.967741935483871,0,4.103023786796749,1.9556803550613355,2.1116151882653695,0.20420496671689897,0.08989351020857994,0.10425711953408164
52,mazda,glc,1,gas,standard,2,hatchback,Front Wheel Drive,front,93.1,159.1,64.2,54.1,1900,OHC (Overhead Camshaft),4,1.52,2-Barrel Carburetor,3.03,3.15,9.0,68,5000,31,38,6095,0.035789473684210524,552589.302,0.8157894736842105,0,3.932102982259711,1.9527948698209299,2.112608678975313,0.16814457256456847,0.08918370853364868,0.10445578556152364
53,mazda,rx2,1,gas,standard,2,hatchback,Front Wheel Drive,front,93.1,159.1,64.2,54.1,1905,OHC (Overhead Camshaft),4,1.52,2-Barrel Carburetor,3.03,3.15,9.0,68,5000,31,38,6795,0.03569553805774278,552589.302,0.8157894736842105,0,3.9340424702348855,1.9513634873788388,2.1131167845083967,0.16855376032276995,0.08883160219096624,0.10455739024364971
54,mazda,rx 4,1,gas,standard,4,sedan,Front Wheel Drive,front,93.1,166.8,64.2,54.1,1945,OHC (Overhead Camshaft),4,1.52,2-Barrel Carburetor,3.03,3.15,9.0,68,5000,31,38,6695,0.03496143958868895,579333.0960000001,0.8157894736842105,0,5.1324710561322435,2.940177362381521,3.117446563312475,0.42139487751698523,0.33207032503866796,0.305390881085302
55,mazda,glc,1,gas,standard,4,sedan,Front Wheel Drive,front,93.1,166.8,64.2,54.1,1950,OHC (Overhead Camshaft),4,1.52,2-Barrel Carburetor,3.08,3.15,9.0,68,5000,31,38,7395,0.03487179487179487,579333.0960000001,0.8157894736842105,0,5.134410544107418,2.9388113644251175,3.118020053331246,0.4218040652751866,0.3317343026519197,0.3055055605510147
56,mazda,626,3,gas,standard,2,hatchback,Rear Wheel Drive,front,95.3,169.0,65.7,49.6,2380,Rotary Engine,2,1.17,4-Barrel Carburetor,3.33,3.255,9.4,101,6000,17,23,10945,0.04243697478991597,550723.68,0.7391304347826086,0,3.4966944026385205,2.0013637429953457,2.347368397766486,0.07628328604081974,0.10113118518193587,0.15140014072141705
57,mazda,glc,3,gas,standard,2,hatchback,Rear Wheel Drive,front,95.3,169.0,65.7,49.6,2380,Rotary Engine,2,1.17,4-Barrel Carburetor,3.33,3.255,9.4,101,6000,17,23,11845,0.04243697478991597,550723.68,0.7391304347826086,0,3.4966944026385205,2.0013637429953457,2.347368397766486,0.07628328604081974,0.10113118518193587,0.15140014072141705
58,mazda,rx 7,3,gas,standard,2,hatchback,Rear Wheel Drive,front,95.3,169.0,65.7,49.6,2385,Rotary Engine,2,1.17,4-Barrel Carburetor,3.33,3.255,9.4,101,6000,17,23,13645,0.042348008385744235,550723.68,0.7391304347826086,0,3.4986338906136956,2.000008081105859,2.3479522238521744,0.07669247379902132,0.10079770536844608,0.15151688706640035
59,mazda,glc,3,gas,standard,2,hatchback,Rear Wheel Drive,front,95.3,169.0,65.7,49.6,2500,Rotary Engine,2,1.33,Multi-Point Fuel Injection,3.33,3.255,9.4,135,6000,16,23,15645,0.054,550723.68,0.6956521739130435,0,3.404792399506039,2.3555079041445826,2.7480602703199124,0.05689405799849646,0.1882472498323003,0.23152556288365425
60,mazda,626,1,gas,standard,2,hatchback,Front Wheel Drive,front,98.8,177.8,66.5,53.7,2385,OHC (Overhead Camshaft),4,2.03,2-Barrel Carburetor,3.39,3.39,8.6,84,4800,26,32,8845,0.03522012578616352,634932.6900000001,0.8125,0,4.628026061533954,2.259279548735913,2.607223691482228,0.3149684809021558,0.16457599797888547,0.20336279965278786
61,mazda,glc,0,gas,standard,4,sedan,Front Wheel Drive,front,98.8,177.8,66.5,55.5,2410,OHC (Overhead Camshaft),4,2.03,2-Barrel Carburetor,3.39,3.39,8.6,84,4800,26,32,8495,0.034854771784232366,656215.3500000001,0.8125,0,5.641827671556567,3.2037123180357323,3.5613539006579193,0.528857514181078,0.396897394783095,0.39415799926780476
62,mazda,glc,1,gas,standard,2,hatchback,Front Wheel Drive,front,98.8,177.8,66.5,53.7,2385,OHC (Overhead Camshaft),4,2.03,2-Barrel Carburetor,3.39,3.39,8.6,84,4800,26,32,10595,0.03522012578616352,634932.6900000001,0.8125,0,4.628026061533954,2.259279548735913,2.607223691482228,0.3149684809021558,0.16457599797888547,0.20336279965278786
63,mazda,rx 4,0,gas,standard,4,sedan,Front Wheel Drive,front,98.8,177.8,66.5,55.5,2410,OHC (Overhead Camshaft),4,2.03,2-Barrel Carburetor,3.39,3.39,8.6,84,4800,26,32,10245,0.034854771784232366,656215.3500000001,0.8125,0,5.641827671556567,3.2037123180357323,3.5613539006579193,0.528857514181078,0.396897394783095,0.39415799926780476
64,mazda,glc,0,diesel,standard,4,sedan,Front Wheel Drive,front,98.8,177.8,66.5,55.5,2443,OHC (Overhead Camshaft),4,2.03,Indirect Diesel Injection,3.39,3.39,22.7,64,4650,36,42,10795,0.026197298403602128,656215.3500000001,0.8571428571428571,0,6.309200328343702,2.988457201073695,3.3588994043320337,0.6696579340914413,0.3439467019784086,0.3536736443359694
65,mazda,626,0,gas,standard,4,hatchback,Front Wheel Drive,front,98.8,177.8,66.5,55.5,2425,OHC (Overhead Camshaft),4,2.03,2-Barrel Carburetor,3.39,3.39,8.6,84,4800,26,32,11245,0.03463917525773196,656215.3500000001,0.8125,0,5.64764613548209,3.200427077981316,3.5638871245290273,0.5300850774556822,0.3960892572606698,0.394664562155668
66,mazda,glc,0,gas,standard,4,sedan,Rear Wheel Drive,front,104.9,175.0,66.1,54.4,2670,OHC (Overhead Camshaft),4,2.33,Multi-Point Fuel Injection,3.76,3.16,8.0,120,5000,19,27,18280,0.0449438202247191,629271.9999999999,0.7037037037037037,1,5.082278533815341,3.661651420659709,4.120146377990974,0.4108053992896291,0.5095460188368145,0.5058984317903622
67,mazda,rx 7,0,diesel,standard,4,sedan,Rear Wheel Drive,front,104.9,175.0,66.1,54.4,2700,OHC (Overhead Camshaft),4,2.23,Indirect Diesel Injection,3.43,3.64,22.0,72,4200,31,39,18344,0.02666666666666667,629271.9999999999,0.7948717948717948,1,5.975102500748164,3.1604700977118685,3.63060198289418,0.5991709071834808,0.3862602236120826,0.4080053772736212
68,buick,electra 225,-1,diesel,turbo,4,sedan,Rear Wheel Drive,front,110.0,190.9,70.3,56.5,3515,OHC (Overhead Camshaft),5,3.05,Indirect Diesel Injection,3.58,3.64,21.5,123,4350,22,25,25552,0.03499288762446657,758245.255,0.88,1,6.928381567976608,3.909473377099437,4.695741802235203,0.800291063354841,0.5705078415841488,0.6209989105405805
69,buick,century,-1,diesel,turbo,4,wagon,Rear Wheel Drive,front,110.0,190.9,70.3,58.7,3750,OHC (Overhead Camshaft),5,3.05,Indirect Diesel Injection,3.58,3.64,21.5,123,4350,22,25,28248,0.0328,787769.849,0.88,1,7.277927415409527,4.059391690368813,4.936816050337781,0.8740372703592086,0.6073863077677122,0.6692059674458526
70,buick,century,0,diesel,turbo,2,hardtop,Rear Wheel Drive,front,106.7,187.5,70.3,54.9,3495,OHC (Overhead Camshaft),5,3.05,Indirect Diesel Injection,3.58,3.64,21.5,123,4350,22,25,28176,0.0351931330472103,723650.625,0.88,1,5.752388621628979,2.882981452576019,3.661491925811085,0.5521833547554088,0.31800068017940164,0.4141823673408564
71,buick,skyhawk,-1,diesel,turbo,4,sedan,Rear Wheel Drive,front,115.6,202.6,71.7,56.3,3770,OHC (Overhead Camshaft),5,3.05,Indirect Diesel Injection,3.58,3.64,21.5,123,4350,22,25,31600,0.03262599469496021,817837.446,0.88,1,7.616681191748845,4.020005519646636,4.905187831516303,0.945506596334322,0.5976976877892578,0.6628813460624411
72,buick,opel isuzu,-1,gas,standard,4,sedan,Rear Wheel Drive,front,115.6,202.6,71.7,56.5,3740,OHC (Overhead Camshaft),8,3.9,Multi-Point Fuel Injection,3.46,3.1,8.3,155,4750,16,18,34184,0.04144385026737968,820742.73,0.8888888888888888,1,7.300845730180962,4.797114956544749,5.6706603405633675,0.8788725124246999,0.7888591507526297,0.8159511040041997
73,buick,skylark,3,gas,standard,2,convertible,Rear Wheel Drive,front,96.6,180.3,70.5,50.8,3685,OHC (Overhead Camshaft),8,3.9,Multi-Point Fuel Injection,3.46,3.1,8.3,155,4750,16,18,35056,0.04206241519674356,645726.42,0.8888888888888888,1,5.172818218924826,3.577604732025143,4.429815748316842,0.4299072092788773,0.48887134009305716,0.5678222958057622
74,buick,century,0,gas,standard,4,sedan,Rear Wheel Drive,front,120.9,208.1,71.7,56.7,3900,OHC (Overhead Camshaft),8,5.13,Multi-Point Fuel Injection,3.8,3.35,8.0,184,4500,14,16,40960,0.04717948717948718,846007.6590000001,0.875,1,7.736871625486833,5.655444579687736,6.591053578911941,0.9708640384881366,1.0,1.0
75,buick,regal sport,1,gas,standard,2,hardtop,Rear Wheel Drive,front,112.0,199.2,72.0,55.4,3715,OHC (Overhead Camshaft),8,5.07,Multi-Point Fuel Injection,3.8,3.35,8.0,184,4500,14,16,45400,0.04952893674293405,794568.96,0.875,1,6.2587002066676565,4.509831282018504,5.37367922616125,0.6590035594100709,0.7181901241002994,0.7565644810261943
76,mercury,cougar,1,gas,turbo,2,hatchback,Rear Wheel Drive,front,102.7,178.4,68.0,54.8,2910,OHC (Overhead Camshaft),4,2.33,Multi-Point Fuel Injection,3.78,3.12,8.0,175,5000,19,24,16503,0.06013745704467354,664789.76,0.7916666666666666,0,4.788897540370839,3.291530720319187,3.8431211004588297,0.34890869637469235,0.4184998788844586,0.45050233111473814
77,mitsubishi,mirage,2,gas,standard,2,hatchback,Front Wheel Drive,front,93.7,157.3,64.4,50.8,1918,OHC (Overhead Camshaft),4,1.53,2-Barrel Carburetor,2.97,3.23,9.4,68,5500,37,41,5389,0.035453597497393116,514610.096,0.9024390243902439,0,4.24100572083865,1.892437104424428,2.0592330702894395,0.23331600993325355,0.07433627754574258,0.0937823891887241
78,mitsubishi,lancer,2,gas,standard,2,hatchback,Front Wheel Drive,front,93.7,157.3,64.4,50.8,1944,OHC (Overhead Camshaft),4,1.53,2-Barrel Carburetor,2.97,3.23,9.4,68,5500,31,38,6189,0.03497942386831276,514610.096,0.8157894736842105,0,3.784914530515571,1.885211690247824,2.062092993583743,0.13709116394680831,0.07255889500612353,0.0943542814006809
79,mitsubishi,outlander,2,gas,standard,2,hatchback,Front Wheel Drive,front,93.7,157.3,64.4,50.8,2004,OHC (Overhead Camshaft),4,1.53,2-Barrel Carburetor,2.97,3.23,9.4,68,5500,31,38,6669,0.033932135728542916,514610.096,0.8157894736842105,0,3.8081883862176658,1.8692532098347352,2.0694083688727494,0.1420014170452258,0.06863326199024453,0.09581711998927411
80,mitsubishi,g4,1,gas,turbo,2,hatchback,Front Wheel Drive,front,93.0,157.3,63.8,50.8,2145,OHC (Overhead Camshaft),4,1.63,Single-Point Fuel Injection,3.03,3.39,7.6,102,5500,24,30,7689,0.04755244755244755,509815.59199999995,0.8,0,3.1351231849821746,2.0207325098691973,2.2755812298071336,0.0,0.10589571593603532,0.13704502764682486
81,mitsubishi,mirage g4,3,gas,turbo,2,hatchback,Front Wheel Drive,front,96.3,173.0,65.4,49.4,2370,OHC (Overhead Camshaft),4,1.83,Single-Point Fuel Injection,3.17,3.46,7.5,116,5500,23,30,9959,0.048945147679324896,558921.48,0.7666666666666667,0,3.9818144040315504,2.5251823995195526,2.867308078340344,0.17863254954209798,0.2299855471986515,0.2553712698072068
82,mitsubishi,g4,3,gas,standard,2,hatchback,Front Wheel Drive,front,96.3,173.0,65.4,49.4,2328,OHC (Overhead Camshaft),4,2.03,2-Barrel Carburetor,3.35,3.46,8.5,88,5000,25,32,8499,0.037800687285223365,558921.48,0.78125,0,4.11083105166422,2.284048943625402,2.609882923454727,0.205852121661759,0.17066903139087455,0.20389456008772253
83,mitsubishi,outlander,3,gas,turbo,2,hatchback,Front Wheel Drive,front,95.9,173.2,66.3,50.2,2833,OHC (Overhead Camshaft),4,2.6,Single-Point Fuel Injection,3.58,3.86,7.0,145,5000,19,24,12629,0.05118249205788916,576454.632,0.7916666666666666,0,4.133603717972313,2.9097162145392415,3.4314384798611965,0.2106566352210863,0.3245771750283983,0.3681791146191421
84,mitsubishi,g4,3,gas,turbo,2,hatchback,Front Wheel Drive,front,95.9,173.2,66.3,50.2,2921,OHC (Overhead Camshaft),4,2.6,Single-Point Fuel Injection,3.59,3.86,7.0,145,5000,19,24,14869,0.04964053406367682,576454.632,0.7916666666666666,0,4.167738706335385,2.886220000351376,3.4420772540364033,0.21785833976543192,0.3187973318493198,0.3703065255562419
85,mitsubishi,mirage g4,3,gas,turbo,2,hatchback,Front Wheel Drive,front,95.9,173.2,66.3,50.2,2926,OHC (Overhead Camshaft),4,2.6,Single-Point Fuel Injection,3.59,3.86,7.0,145,5000,19,24,14489,0.04955570745044429,576454.632,0.7916666666666666,0,4.16967819431056,2.884927420215715,3.4427241618759163,0.2182675275236335,0.31847936954182726,0.37043588621287493
86,mitsubishi,montero,1,gas,standard,4,sedan,Front Wheel Drive,front,96.3,172.4,65.4,51.6,2365,OHC (Overhead Camshaft),4,2.03,2-Barrel Carburetor,3.35,3.46,8.5,88,5000,25,32,6989,0.037209302325581395,581787.9360000001,0.78125,0,4.957691823217697,3.058370807300428,3.3985569981460446,0.3845204429178036,0.36114477809583917,0.36160388116866793
87,mitsubishi,pajero,1,gas,standard,4,sedan,Front Wheel Drive,front,96.3,172.4,65.4,51.6,2405,OHC (Overhead Camshaft),4,2.03,2-Barrel Carburetor,3.35,3.46,8.5,88,5000,25,32,8189,0.03659043659043659,581787.9360000001,0.78125,0,4.973207727019093,3.048940588110883,3.4046426827578964,0.3877939449834152,0.35882503468423654,0.36282082137153127
88,mitsubishi,outlander,1,gas,turbo,4,sedan,Front Wheel Drive,front,96.3,172.4,65.4,51.6,2403,OHC (Overhead Camshaft),4,1.83,Single-Point Fuel Injection,3.17,3.46,7.5,116,5500,23,30,9279,0.04827299209321681,581787.9360000001,0.7666666666666667,0,4.8271235852048875,3.2982734878124607,3.653199787269404,0.3569735205915812,0.42015853497230776,0.4125242076755607
89,mitsubishi,mirage g4,-1,gas,standard,4,sedan,Front Wheel Drive,front,96.3,172.4,65.4,51.6,2403,OHC (Overhead Camshaft),4,1.83,Single-Point Fuel Injection,3.17,3.46,7.5,116,5500,23,30,9279,0.04827299209321681,581787.9360000001,0.7666666666666667,0,4.427123585204888,2.8982734878124603,3.253199787269404,0.2725826373401131,0.3217623740782094,0.33253713765925663
90,nissan,versa,1,gas,standard,2,sedan,Front Wheel Drive,front,94.5,165.3,63.8,54.5,1889,OHC (Overhead Camshaft),4,1.62,2-Barrel Carburetor,3.15,3.29,9.4,69,5200,31,37,5499,0.036527263102170464,574764.63,0.8378378378378378,0,4.147370553189092,2.0650293006504916,2.220576236259491,0.21356112367988994,0.11679230131805643,0.12604580697147075
91,nissan,gt r,1,diesel,standard,2,sedan,Front Wheel Drive,front,94.5,165.3,63.8,54.5,2017,OHC (Overhead Camshaft),4,1.72,Indirect Diesel Injection,2.99,3.47,21.9,55,4800,45,50,7099,0.027268220128904314,574764.63,0.9,0,5.086246555631302,1.8882832584901488,2.0934810862636164,0.41164256145415423,0.07331447131354601,0.10063088531783906
92,nissan,rogue,1,gas,standard,2,sedan,Front Wheel Drive,front,94.5,165.3,63.8,54.5,1918,OHC (Overhead Camshaft),4,1.62,2-Barrel Carburetor,3.15,3.29,9.4,69,5200,31,37,6649,0.03597497393117831,574764.63,0.8378378378378378,0,4.1586195834451045,2.056613569026169,2.2234095348911804,0.21593441267745833,0.1147221121106854,0.12661237511154586
93,nissan,latio,1,gas,standard,4,sedan,Front Wheel Drive,front,94.5,165.3,63.8,54.5,1938,OHC (Overhead Camshaft),4,1.62,2-Barrel Carburetor,3.15,3.29,9.4,69,5200,31,37,6849,0.03560371517027864,574764.63,0.8378378378378378,0,5.166377535345802,3.0509563621515574,3.225510279917267,0.4285483718389346,0.35932089575131737,0.3270001312510258
94,nissan,titan,1,gas,standard,4,wagon,Front Wheel Drive,front,94.5,170.2,63.8,53.5,2024,OHC (Overhead Camshaft),4,1.62,2-Barrel Carburetor,3.15,3.29,9.4,69,5200,31,37,7349,0.03409090909090909,580943.6599999999,0.8378378378378378,0,5.20524587705747,2.944571028829256,3.152484139767968,0.43674870605785343,0.3331511248154338,0.3123972637881698
95,nissan,leaf,1,gas,standard,2,sedan,Front Wheel Drive,front,94.5,165.3,63.8,54.5,1951,OHC (Overhead Camshaft),4,1.62,2-Barrel Carburetor,3.15,3.29,9.4,69,5200,31,37,7299,0.035366478728856995,574764.63,0.8378378378378378,0,4.171420204081256,2.0473413750625884,2.226937961563752,0.21863505188158788,0.11244124138798103,0.12731794638981184
96,nissan,juke,1,gas,standard,2,hatchback,Front Wheel Drive,front,94.5,165.6,63.8,53.3,2028,OHC (Overhead Camshaft),4,1.62,2-Barrel Carburetor,3.15,3.29,9.4,69,5200,31,37,7799,0.034023668639053255,563129.4239999999,0.8378378378378378,0,4.076187242596496,1.926879758337567,2.136344459656419,0.1985430675457079,0.08280883983588501,0.10920217443960176
97,nissan,latio,1,gas,standard,4,sedan,Front Wheel Drive,front,94.5,165.3,63.8,54.5,1971,OHC (Overhead Camshaft),4,1.62,2-Barrel Carburetor,3.15,3.29,9.4,69,5200,31,37,7499,0.0350076103500761,574764.63,0.8378378378378378,0,5.179178155981954,3.04187297169185,3.2292275100937116,0.4312490110430642,0.3570864688784741,0.32774345712700076
98,nissan,note,1,gas,standard,4,wagon,Front Wheel Drive,front,94.5,170.2,63.8,53.5,2037,OHC (Overhead Camshaft),4,1.62,2-Barrel Carburetor,3.15,3.29,9.4,69,5200,31,37,7999,0.033873343151693665,580943.6599999999,0.8378378378378378,0,5.210288545792924,2.9412557790449054,3.154211558719072,0.4378125942291773,0.3323356051874711,0.31274269173964336
99,nissan,clipper,2,gas,standard,2,hardtop,Front Wheel Drive,front,95.1,162.4,63.8,53.3,2008,OHC (Overhead Camshaft),4,1.62,2-Barrel Carburetor,3.15,3.29,9.4,69,5200,31,37,8249,0.03436254980079681,552247.696,0.8378378378378378,0,4.210497590036084,2.149536309702463,2.3512430591206166,0.226879489671304,0.13758021446644844,0.15217494774397286
100,nissan,rogue,0,gas,standard,4,hatchback,Front Wheel Drive,front,97.2,173.4,65.2,54.7,2324,OHC (Overhead Camshaft),4,2.0,2-Barrel Carburetor,3.33,3.47,8.5,97,5200,27,34,8949,0.04173838209982788,618420.696,0.7941176470588235,0,5.258687029647116,3.2426541879136304,3.566936577362815,0.44802357123039527,0.40647672101815174,0.395274354148987
101,nissan,nv200,0,gas,standard,4,sedan,Front Wheel Drive,front,97.2,173.4,65.2,54.7,2302,OHC (Overhead Camshaft),4,2.0,2-Barrel Carburetor,3.33,3.47,8.5,97,5200,27,34,9549,0.0421372719374457,618420.696,0.7941176470588235,0,5.250153282556348,3.2487324345955826,3.5644810769539994,0.4462231450943089,0.4079719113643302,0.3947833334411745
102,nissan,dayz,0,gas,standard,4,sedan,Front Wheel Drive,front,100.4,181.7,66.5,55.1,3095,OHC (Overhead Camshaft),6,3.02,Multi-Point Fuel Injection,3.43,3.27,9.0,152,5200,17,22,13499,0.04911147011308562,665776.0549999999,0.7727272727272727,0,5.388967763283254,4.142091603015857,4.765443038236958,0.47550983668590274,0.6277296925445782,0.6349369046513189
103,nissan,fuga,0,gas,standard,4,wagon,Front Wheel Drive,front,100.4,184.6,66.5,56.1,3296,OHC (Overhead Camshaft),6,3.02,Multi-Point Fuel Injection,3.43,3.27,9.0,152,5200,17,22,14399,0.04611650485436893,688677.99,0.7727272727272727,0,5.651772740092671,4.179787931016908,4.8811067828400265,0.5309556969754734,0.6370026274323485,0.6580659147461028
104,nissan,otti,0,gas,standard,4,sedan,Front Wheel Drive,front,100.4,184.6,66.5,55.1,3060,OHC (Overhead Camshaft),6,3.02,Multi-Point Fuel Injection,3.43,3.27,9.0,152,5200,19,25,13499,0.04967320261437908,676402.09,0.76,0,5.547794361869707,4.150651231239334,4.760426250634214,0.5090186290322456,0.6298352789342554,0.6339337092982248
105,nissan,teana,3,gas,standard,2,hatchback,Rear Wheel Drive,front,91.3,170.7,67.9,49.7,3071,OHC (Overhead Camshaft),6,3.02,Multi-Point Fuel Injection,3.43,3.27,9.0,160,5200,19,25,17199,0.052100293064148484,576049.341,0.76,1,4.090845201917181,3.1056622233130287,3.7197041162532924,0.2016355628800496,0.3727780125430532,0.42582292372261465
106,nissan,kicks,3,gas,turbo,2,hatchback,Rear Wheel Drive,front,91.3,170.7,67.9,49.7,3139,OHC (Overhead Camshaft),6,3.02,Multi-Point Fuel Injection,3.43,3.27,7.8,200,5200,17,23,19699,0.06371455877668047,576049.341,0.7391304347826086,1,3.9559125742323618,3.449306003390512,4.08972493279315,0.17316785380564118,0.4573110842299536,0.4998151261227735
107,nissan,clipper,1,gas,standard,2,hatchback,Rear Wheel Drive,front,99.2,178.5,67.9,49.7,3139,OHC (Overhead Camshaft),6,3.02,Multi-Point Fuel Injection,3.43,3.27,9.0,160,5200,19,25,18399,0.05097164702134438,602371.4550000001,0.76,1,4.130876174649983,2.918784718359911,3.5592036477625486,0.2100811857458912,0.3268079399309167,0.3937280181955678
108,peugeot,504,0,gas,standard,4,sedan,Rear Wheel Drive,front,107.9,186.7,68.4,56.7,3020,Inline Engine,4,2.0,Multi-Point Fuel Injection,3.46,3.19,8.4,97,5000,19,24,11900,0.032119205298013244,724074.876,0.7916666666666666,0,6.249429966001784,3.574698075383531,4.1689571909770144,0.6570477499157042,0.48815633045662726,0.5156590165800301
109,peugeot,304,0,diesel,turbo,4,sedan,Rear Wheel Drive,front,107.9,186.7,68.4,56.7,3197,Inline Engine,4,2.53,Indirect Diesel Injection,3.7,3.52,21.0,95,4150,28,33,13200,0.029715358148264,724074.876,0.8484848484848485,0,6.949558044759675,3.6499165460258642,4.312833535940527,0.8047588173045341,0.5066593523054548,0.5444296347757461
110,peugeot,504,0,gas,standard,4,wagon,Rear Wheel Drive,front,114.2,198.9,68.4,58.7,3230,Inline Engine,4,2.0,Multi-Point Fuel Injection,3.46,3.19,8.4,97,5000,19,24,12440,0.030030959752321982,798599.4120000001,0.7916666666666666,0,7.05277229529663,3.8932177177522727,4.568935328303088,0.826534671721914,0.5665091054027407,0.5956417147682588
111,peugeot,504,0,diesel,turbo,4,wagon,Rear Wheel Drive,front,114.2,198.9,68.4,58.7,3430,Inline Engine,4,2.53,Indirect Diesel Injection,3.7,3.52,21.0,95,4150,25,25,13860,0.027696793002915453,798599.4120000001,1.0,0,7.853637300746992,3.969497971930405,4.7227951014882015,0.9954989346597839,0.5852733158106262,0.6264086958943846
112,peugeot,504,0,gas,standard,4,sedan,Rear Wheel Drive,front,107.9,186.7,68.4,56.7,3075,Inline Engine,4,2.0,Multi-Point Fuel Injection,3.46,2.19,8.4,95,5000,19,24,15580,0.030894308943089432,724074.876,0.7916666666666666,0,6.270764333728704,3.547699883979322,4.163293367299725,0.6615488152559202,0.4815150344934817,0.5145264349274418
113,peugeot,604sl,0,diesel,turbo,4,sedan,Rear Wheel Drive,front,107.9,186.7,68.4,56.7,3252,Inline Engine,4,2.53,Indirect Diesel Injection,3.7,3.52,21.0,95,4150,28,33,16900,0.02921279212792128,724074.876,0.8484848484848485,1,6.970892412486595,3.64225849120087,4.326509848842453,0.8092598826447501,0.504775544318715,0.5471644552698742
114,peugeot,504,0,gas,standard,4,wagon,Rear Wheel Drive,front,114.2,198.9,68.4,56.7,3285,Inline Engine,4,2.0,Multi-Point Fuel Injection,3.46,2.19,8.4,95,5000,19,24,16695,0.0289193302891933,771389.8920000001,0.7916666666666666,1,6.838268732065147,3.7012788101677274,4.398330788445462,0.781279308817684,0.5192939763214246,0.5615263215815308
115,peugeot,505s turbo,0,diesel,turbo,4,wagon,Rear Wheel Drive,front,114.2,198.9,68.4,58.7,3485,Inline Engine,4,2.53,Indirect Diesel Injection,3.7,3.52,21.0,95,4150,25,25,17075,0.027259684361549498,798599.4120000001,1.0,1,7.874971668473912,3.962837350629792,4.737468847914508,1.0,0.5836348668977516,0.6293429708513909
116,peugeot,504,0,gas,standard,4,sedan,Rear Wheel Drive,front,107.9,186.7,68.4,56.7,3075,Inline Engine,4,2.0,Multi-Point Fuel Injection,3.46,3.19,8.4,97,5000,19,24,16630,0.031544715447154474,724074.876,0.7916666666666666,1,6.270764333728704,3.56594405183996,4.181537535160363,0.6615488152559202,0.4860029246839674,0.5181746787575868
117,peugeot,504,0,diesel,turbo,4,sedan,Rear Wheel Drive,front,107.9,186.7,68.4,56.7,3252,Inline Engine,4,2.53,Indirect Diesel Injection,3.7,3.52,21.0,95,4150,28,33,17950,0.02921279212792128,724074.876,0.8484848484848485,1,6.970892412486595,3.64225849120087,4.326509848842453,0.8092598826447501,0.504775544318715,0.5471644552698742
118,peugeot,604sl,0,gas,turbo,4,sedan,Rear Wheel Drive,front,108.0,186.7,68.3,56.0,3130,Inline Engine,4,2.23,Multi-Point Fuel Injection,3.61,3.21,7.0,142,5600,18,24,18150,0.04536741214057508,714090.1599999999,0.75,1,6.069126243121742,3.9608093471242847,4.597737198171609,0.6190077738472676,0.5831359974996975,0.6014011577226936
119,plymouth,fury iii,1,gas,standard,2,hatchback,Front Wheel Drive,front,93.7,157.3,63.8,50.8,1918,OHC (Overhead Camshaft),4,1.5,2-Barrel Carburetor,2.97,3.23,9.4,68,5500,37,41,5572,0.035453597497393116,509815.59199999995,0.9024390243902439,0,3.9788172697622683,1.6856343833359926,1.8524303492010041,0.1780002225215781,0.023464793001855055,0.052428529860566946
120,plymouth,cricket,1,gas,turbo,2,hatchback,Front Wheel Drive,front,93.7,157.3,63.8,50.8,2128,OHC (Overhead Camshaft),4,1.63,Single-Point Fuel Injection,3.03,3.39,7.6,102,5500,24,30,7957,0.047932330827067667,509815.59199999995,0.8,0,3.148937089131887,2.0469292995564716,2.2951837603788148,0.0029144189308633554,0.11233987476848008,0.14096490011015936
121,plymouth,fury iii,1,gas,standard,4,hatchback,Front Wheel Drive,front,93.7,157.3,63.8,50.6,1967,OHC (Overhead Camshaft),4,1.5,2-Barrel Carburetor,2.97,3.23,9.4,68,5500,31,38,6229,0.03457041179461108,507808.444,0.8157894736842105,0,4.509878543162572,2.6555098141077016,2.8413127621294243,0.2900420473288309,0.2620448403354699,0.25017304686255987
122,plymouth,satellite,1,gas,standard,4,sedan,Front Wheel Drive,front,93.7,167.3,63.8,50.8,1989,OHC (Overhead Camshaft),4,1.5,2-Barrel Carburetor,2.97,3.23,9.4,68,5500,31,38,6692,0.03418803418803419,542225.992,0.8157894736842105,0,4.771827995383058,2.6663498459513075,2.8606865410637985,0.3453074114291435,0.26471138412892137,0.2540471763928203
123,plymouth,fury gran,1,gas,standard,4,sedan,Front Wheel Drive,front,93.7,167.3,63.8,50.8,2191,OHC (Overhead Camshaft),4,1.63,2-Barrel Carburetor,2.97,3.23,9.4,68,5500,31,38,7609,0.031036056595162027,542225.992,0.8157894736842105,0,4.85018330958011,2.6477987591527254,2.9204907684622676,0.3618385968604824,0.2601479948254372,0.2660060887033011
124,plymouth,valiant,-1,gas,standard,4,wagon,Front Wheel Drive,front,103.3,174.6,64.6,59.8,2535,OHC (Overhead Camshaft),4,2.03,2-Barrel Carburetor,3.35,3.46,8.5,88,5000,24,30,8921,0.03471400394477318,674493.7679999998,0.8,0,5.680210567835896,3.5077626459135933,3.9138914279151447,0.5369554304779832,0.47169085723752835,0.4646541089580507
125,plymouth,duster,3,gas,turbo,2,hatchback,Rear Wheel Drive,front,95.9,173.2,66.3,50.2,2818,OHC (Overhead Camshaft),4,2.6,Single-Point Fuel Injection,3.59,3.86,7.0,145,5000,19,24,12764,0.05145493257629524,576454.632,0.7916666666666666,0,4.127785254046789,2.9138676381175426,3.429771439513974,0.20942907194648197,0.3255983853842735,0.36784576043670886
126,porsche,macan,3,gas,standard,2,hatchback,Rear Wheel Drive,front,94.5,168.9,68.3,50.2,2778,OHC (Overhead Camshaft),4,2.52,Multi-Point Fuel Injection,3.94,3.11,9.5,143,5500,19,27,22018,0.05147588192944565,579100.6740000001,0.7037037037037037,1,4.035708922786727,2.8468966130021967,3.3472845105972313,0.19000306464250336,0.3091241559780428,0.35135104103997544
127,porsche,panamera,3,gas,standard,2,hardtop,Rear Wheel Drive,rear,89.5,168.9,65.0,51.6,2756,OHC (Overhead Camshaft),6,3.23,Multi-Point Fuel Injection,3.74,2.9,9.5,207,5900,17,25,32528,0.07510885341074021,566490.6,0.68,1,3.52248844295318,3.8055721312343103,4.297426281738577,0.08172524065276499,0.544949132321043,0.5413486819742203
128,porsche,cayenne,3,gas,standard,2,hardtop,Rear Wheel Drive,rear,89.5,168.9,65.0,51.6,2756,OHC (Overhead Camshaft),6,3.23,Multi-Point Fuel Injection,3.74,2.9,9.5,207,5900,17,25,34028,0.07510885341074021,566490.6,0.68,1,3.52248844295318,3.8055721312343103,4.297426281738577,0.08172524065276499,0.544949132321043,0.5413486819742203
129,porsche,boxter,3,gas,standard,2,convertible,Rear Wheel Drive,rear,89.5,168.9,65.0,51.6,2800,OHC (Overhead Camshaft),6,3.23,Multi-Point Fuel Injection,3.74,2.9,9.5,207,5900,17,25,37028,0.07392857142857143,566490.6,0.68,1,3.539555937134716,3.787587102874778,4.296508747560581,0.0853260929249378,0.5405249879606693,0.5411652047978759
130,porsche,cayenne,1,gas,standard,2,hatchback,Rear Wheel Drive,front,98.4,175.7,72.3,50.5,3366,DOHC (Double Overhead Camshaft),8,3.38,Multi-Point Fuel Injection,3.94,3.11,10.0,288,5750,17,28,31400,0.0855614973262032,641507.0549999999,0.6071428571428571,1,4.320937910000555,4.304170715905411,5.032642399380973,0.25017988004224506,0.6675995987182112,0.6883681396716639
131,renault,12tl,0,gas,standard,4,wagon,Front Wheel Drive,front,96.1,181.5,66.5,55.2,2579,OHC (Overhead Camshaft),4,2.2,Multi-Point Fuel Injection,3.46,3.9,8.7,90,5100,23,31,9295,0.03489724699495929,666250.2000000001,0.7419354838709677,0,5.395131462359043,3.1641911030609973,3.5873873792440856,0.4768102367086578,0.3871755552146343,0.39936385345390385
132,renault,5 gtl,2,gas,standard,2,hatchback,Front Wheel Drive,front,96.1,176.8,66.6,50.5,2460,OHC (Overhead Camshaft),4,2.2,Multi-Point Fuel Injection,3.46,3.9,8.7,90,5100,23,31,9895,0.036585365853658534,594631.44,0.7419354838709677,0,4.113421896161958,2.198247836400978,2.5752842987749114,0.20639873080058732,0.14956278251250907,0.1969759535508919
133,saab,99e,3,gas,standard,2,hatchback,Front Wheel Drive,front,99.1,186.6,66.5,56.1,2658,OHC (Overhead Camshaft),4,2.02,Multi-Point Fuel Injection,3.54,3.07,9.31,110,5250,21,28,11850,0.04138449962377728,696139.29,0.75,0,5.226366458047023,3.0680238260018737,3.5218640121927196,0.44120466726908486,0.36351932804899223,0.38626129808379983
134,saab,99le,2,gas,standard,4,sedan,Front Wheel Drive,front,99.1,186.6,66.5,56.1,2695,OHC (Overhead Camshaft),4,2.02,Multi-Point Fuel Injection,3.54,3.07,9.3,110,5250,21,28,12170,0.04081632653061224,696139.29,0.75,0,6.040718669063315,3.8593660566314396,4.327558453838577,0.6130144231827122,0.5581819216672957,0.5473741423729853
135,saab,99le,3,gas,standard,2,hatchback,Front Wheel Drive,front,99.1,186.6,66.5,56.1,2707,OHC (Overhead Camshaft),4,2.02,Multi-Point Fuel Injection,2.54,2.07,9.3,110,5250,21,28,15040,0.04063538973032878,696139.29,0.75,0,5.245373440203734,3.056608958299394,3.52945612664695,0.4452147072994591,0.36071138015139703,0.38777947555985565
136,saab,99gle,2,gas,standard,4,sedan,Front Wheel Drive,front,99.1,186.6,66.5,56.1,2758,OHC (Overhead Camshaft),4,2.02,Multi-Point Fuel Injection,3.54,3.07,9.3,110,5250,21,28,15510,0.03988397389412618,696139.29,0.75,0,6.0651562175505145,3.8451589528531764,4.3377888985475135,0.6181701889360505,0.5546871104942829,0.5494199006160643
137,saab,99gle,3,gas,turbo,2,hatchback,Front Wheel Drive,front,99.1,186.6,66.5,56.1,2808,DOHC (Double Overhead Camshaft),4,2.02,Multi-Point Fuel Injection,3.54,3.07,9.0,160,5500,19,26,18150,0.05698005698005698,696139.29,0.7307692307692307,1,5.1274129138482865,3.5140008288759392,4.026025654322021,0.4203277247795984,0.47322539037365285,0.487077329505128
138,saab,99e,2,gas,turbo,4,sedan,Front Wheel Drive,front,99.1,186.6,66.5,56.1,2847,DOHC (Double Overhead Camshaft),4,2.02,Multi-Point Fuel Injection,3.54,3.07,9.0,160,5500,19,26,18620,0.056199508254302775,696139.29,0.7307692307692307,1,5.942540920054648,4.302106899136463,4.829259730788906,0.5923011557965062,0.667091919601078,0.647698180289723
139,subaru,null,2,gas,standard,2,hatchback,Front Wheel Drive,front,93.7,156.9,63.4,53.7,2050,OHC (Overhead Camshaft),4,1.62,2-Barrel Carburetor,3.62,2.36,9.0,69,4900,31,36,5118,0.033658536585365856,534178.6020000001,0.8611111111111112,0,4.090873945543378,2.1313256278373083,2.349324076246928,0.20164162713005623,0.13310056150946092,0.15179121320027833
140,subaru,dl,2,gas,standard,2,hatchback,Front Wheel Drive,front,93.7,157.9,63.6,53.7,2120,OHC (Overhead Camshaft),4,1.8,2-Barrel Carburetor,3.62,2.64,8.7,73,4400,26,31,7053,0.03443396226415094,539279.028,0.8387096774193549,0,3.8350953067678586,2.20062448625523,2.445775766317294,0.14767816402224543,0.15014741556612887,0.17107843341740134
141,subaru,dl,2,gas,standard,2,hatchback,Four Wheel Drive,front,93.3,157.3,63.8,55.7,2240,OHC (Overhead Camshaft),4,1.8,2-Barrel Carburetor,3.62,2.64,8.7,73,4400,26,31,7603,0.032589285714285716,558990.718,0.8387096774193549,0,4.094469815144365,2.327520333626972,2.619219325093225,0.20240027365926713,0.18136257610308598,0.20576153861661967
142,subaru,null,0,gas,standard,4,sedan,Front Wheel Drive,front,97.2,172.0,65.4,52.5,2145,OHC (Overhead Camshaft),4,1.8,2-Barrel Carburetor,3.62,2.64,9.5,82,4800,32,37,7126,0.03822843822843823,590562.0,0.8648648648648649,0,5.328789674563577,2.897985178559084,3.1528338984970206,0.46281363153730576,0.3216914527690033,0.31246720422804364
143,subaru,brz,0,gas,standard,4,sedan,Front Wheel Drive,front,97.2,172.0,65.4,52.5,2190,OHC (Overhead Camshaft),4,1.8,2-Barrel Carburetor,3.62,2.64,9.5,82,4400,28,33,7775,0.03744292237442922,590562.0,0.8484848484848485,0,5.088176210185166,2.8860155601758106,3.158319671890318,0.41204967458458125,0.3187470415282994,0.31356418157930177
144,subaru,baja,0,gas,standard,4,sedan,Front Wheel Drive,front,97.2,172.0,65.4,52.5,2340,OHC (Overhead Camshaft),4,1.8,Multi-Point Fuel Injection,3.62,2.64,9.0,94,5200,26,32,9960,0.040170940170940174,590562.0,0.8125,0,4.972891708267913,2.977584844615283,3.3080735955850264,0.3877272722295749,0.34127220663995883,0.343510125528764
145,subaru,r1,0,gas,standard,4,sedan,Four Wheel Drive,front,97.0,172.0,65.4,54.3,2385,OHC (Overhead Camshaft),4,1.8,2-Barrel Carburetor,3.62,2.64,9.0,82,4800,24,25,9233,0.034381551362683435,610809.8400000001,0.96,0,5.321678140148046,2.98353576629242,3.331479909038735,0.4613132598608061,0.3427360762569882,0.3481906316113773
146,subaru,r2,0,gas,turbo,4,sedan,Four Wheel Drive,front,97.0,172.0,65.4,54.3,2510,OHC (Overhead Camshaft),4,1.8,Multi-Point Fuel Injection,3.62,2.64,7.7,111,4800,24,29,11259,0.044223107569721115,610809.8400000001,0.8275862068965517,0,5.1383752058860965,3.254333828529147,3.650765170654825,0.4226405185484267,0.4093498005111258,0.4120373630515277
147,subaru,trezia,0,gas,standard,4,wagon,Front Wheel Drive,front,97.0,173.5,65.4,53.0,2290,OHC (Overhead Camshaft),4,1.8,2-Barrel Carburetor,3.62,2.64,9.0,82,4800,28,32,7463,0.03580786026200873,601385.7000000001,0.875,0,5.253882816617253,2.8969363968688655,3.2080302680868638,0.44700999177809936,0.32143346253916943,0.32350469392561504
148,subaru,tribeca,0,gas,standard,4,wagon,Front Wheel Drive,front,97.0,173.5,65.4,53.0,2455,OHC (Overhead Camshaft),4,1.8,Multi-Point Fuel Injection,3.62,2.64,9.0,94,5200,25,31,10198,0.038289205702647655,601385.7000000001,0.8064516129032258,0,5.033749993471934,2.9847469106222686,3.3598438850210273,0.4005669833334176,0.3430340061378526,0.3538625099434683
149,subaru,dl,0,gas,standard,4,wagon,Four Wheel Drive,front,96.9,173.6,65.4,54.9,2420,OHC (Overhead Camshaft),4,1.8,2-Barrel Carburetor,3.62,2.64,9.0,82,4800,23,29,8013,0.033884297520661154,623303.856,0.7931034482758621,0,5.09063942549035,3.023043206057365,3.3845637646299016,0.4125693568726888,0.35245452725605175,0.3588056867961424
150,subaru,dl,0,gas,turbo,4,wagon,Four Wheel Drive,front,96.9,173.6,65.4,54.9,2650,OHC (Overhead Camshaft),4,1.8,Multi-Point Fuel Injection,3.62,2.64,7.7,111,4800,23,23,11694,0.04188679245283019,623303.856,1.0,0,5.548606903531352,3.2658178216236164,3.7165548270541824,0.5091900568035077,0.4121747525917011,0.42519316768343757
151,toyota,corona,1,gas,standard,2,hatchback,Front Wheel Drive,front,95.7,158.7,63.6,54.5,1985,OHC (Overhead Camshaft),4,1.53,2-Barrel Carburetor,3.05,3.03,9.0,62,4800,35,39,5348,0.031234256926952142,550085.94,0.8974358974358975,0,4.357129396883722,1.9697855518638616,2.162570656596212,0.2578154589028811,0.09336325324364063,0.1144465660668133
152,toyota,corona,1,gas,standard,2,hatchback,Front Wheel Drive,front,95.7,158.7,63.6,54.5,2040,OHC (Overhead Camshaft),4,1.53,2-Barrel Carburetor,3.05,3.03,9.0,62,4800,31,38,6338,0.030392156862745098,550085.94,0.8157894736842105,0,4.033209603567007,1.9569537084864868,2.1710731809457577,0.18947576525130463,0.09020674292982052,0.11614679609296938
153,toyota,corolla,1,gas,standard,4,hatchback,Front Wheel Drive,front,95.7,158.7,63.6,54.5,2015,OHC (Overhead Camshaft),4,1.53,2-Barrel Carburetor,3.05,3.03,9.0,62,4800,31,38,6488,0.03076923076923077,550085.94,0.8157894736842105,0,5.023512163691135,2.962699526015043,3.1671215585984407,0.398407034588968,0.337610561130086,0.3153242744002972
154,toyota,corona,0,gas,standard,4,wagon,Front Wheel Drive,front,95.7,169.7,63.6,59.1,2280,OHC (Overhead Camshaft),4,1.53,2-Barrel Carburetor,3.05,3.03,9.0,62,4800,31,37,6918,0.027192982456140352,637861.572,0.8378378378378378,0,5.726765487141861,3.0915383162617545,3.3987532115294043,0.5467774573778112,0.369303666966377,0.36164311750275024
155,toyota,corolla,0,gas,standard,4,wagon,Four Wheel Drive,front,95.7,169.7,63.6,59.1,2290,OHC (Overhead Camshaft),4,1.53,2-Barrel Carburetor,3.05,3.03,9.0,62,4800,27,32,7898,0.027074235807860263,637861.572,0.84375,0,5.503003544661818,3.0897288657497737,3.400822736967773,0.4995687874679236,0.3688585595071101,0.36205695569309854
156,toyota,carina,0,gas,standard,4,wagon,Four Wheel Drive,front,95.7,169.7,63.6,59.1,3110,OHC (Overhead Camshaft),4,1.53,2-Barrel Carburetor,3.05,3.03,9.0,62,4800,27,32,8778,0.019935691318327974,637861.572,0.84375,0,5.821079572590445,2.980952380952381,3.6101222800990067,0.5666755798129623,0.3421005882580634,0.40391009872014466
157,toyota,mark ii,0,gas,standard,4,sedan,Front Wheel Drive,front,95.7,166.3,64.4,53.0,2081,OHC (Overhead Camshaft),4,1.63,2-Barrel Carburetor,3.19,3.03,9.0,70,4800,30,37,6938,0.03363767419509851,567615.16,0.8108108108108109,0,4.882008662383203,2.737417673582319,2.967440947438021,0.3685530209425889,0.28219338763385904,0.27539460683583006
158,toyota,corolla,0,gas,standard,4,hatchback,Front Wheel Drive,front,95.7,166.3,64.4,52.8,2109,OHC (Overhead Camshaft),4,1.63,2-Barrel Carburetor,3.19,3.03,9.0,70,4800,30,37,7198,0.03319108582266477,565473.216,0.8108108108108109,0,4.870757939542059,2.7139459343443506,2.95483034086103,0.36617937484813473,0.2764195650575504,0.27287289315777546
159,toyota,corona,0,diesel,standard,4,sedan,Front Wheel Drive,front,95.7,166.3,64.4,53.0,2275,OHC (Overhead Camshaft),4,1.83,Indirect Diesel Injection,3.27,3.35,22.5,56,4500,34,36,7898,0.024615384615384615,567615.16,0.9444444444444444,0,5.382214457615742,2.586954994833361,2.8922304021258363,0.47408504311053146,0.2451810127670103,0.26035492895120477
160,toyota,corolla,0,diesel,standard,4,hatchback,Front Wheel Drive,front,95.7,166.3,64.4,52.8,2275,OHC (Overhead Camshaft),4,1.83,Indirect Diesel Injection,3.27,3.35,22.5,56,4500,38,47,7788,0.024615384615384615,565473.216,0.8085106382978723,0,5.41467407269853,2.570288328166694,2.875563735459169,0.48093328207762925,0.2410811727297561,0.257022134367192
161,toyota,corona,0,gas,standard,4,sedan,Front Wheel Drive,front,95.7,166.3,64.4,53.0,2094,OHC (Overhead Camshaft),4,1.63,2-Barrel Carburetor,3.19,3.03,9.0,70,4800,38,47,7738,0.033428844317096466,567615.16,0.8085106382978723,0,5.3665764634993325,2.734235543095769,2.969301485686925,0.47078578277111877,0.2814106140755076,0.27576665434378783
162,toyota,corolla,0,gas,standard,4,hatchback,Front Wheel Drive,front,95.7,166.3,64.4,52.8,2122,OHC (Overhead Camshaft),4,1.63,2-Barrel Carburetor,3.19,3.03,9.0,70,4800,28,34,8358,0.03298774740810556,565473.216,0.8235294117647058,0,4.773672304910819,2.710847482272999,2.956774557525132,0.34569651870423557,0.27565737558621195,0.27326167364387144
163,toyota,mark ii,0,gas,standard,4,sedan,Front Wheel Drive,front,95.7,166.3,64.4,52.8,2140,OHC (Overhead Camshaft),4,1.63,2-Barrel Carburetor,3.19,3.03,9.0,70,4800,28,34,9258,0.03271028037383177,565473.216,0.8235294117647058,0,4.780654461621447,2.7066194651079147,2.9595286970706765,0.3471695946337608,0.27461732394311533,0.2738124125255318
164,toyota,corolla,1,gas,standard,2,sedan,Rear Wheel Drive,front,94.5,168.7,64.0,52.6,2169,OHC (Overhead Camshaft),4,1.63,2-Barrel Carburetor,3.19,3.03,9.0,70,4800,29,34,8058,0.03227293683725219,567911.6799999999,0.8529411764705882,0,4.051582046104575,1.8483031750884353,2.1124614373072097,0.1933519318843851,0.06347975451615986,0.10442634198748388
165,toyota,corona,1,gas,standard,2,hatchback,Rear Wheel Drive,front,94.5,168.7,64.0,52.6,2204,OHC (Overhead Camshaft),4,1.63,2-Barrel Carburetor,3.19,3.03,9.0,70,4800,29,34,8238,0.03176043557168784,567911.6799999999,0.8529411764705882,0,4.065158461930797,1.8404937279099451,2.118228405954941,0.1962162461917953,0.06155870546348815,0.10557954930000366
166,toyota,celica,1,gas,standard,2,sedan,Rear Wheel Drive,front,94.5,168.7,64.0,52.6,2265,DOHC (Double Overhead Camshaft),4,1.63,Multi-Point Fuel Injection,3.24,3.08,9.4,112,6600,26,29,9298,0.04944812362030905,567911.6799999999,0.896551724137931,0,3.984916601315772,2.2850170926439133,2.586413523986039,0.1792870424641874,0.17090718675736177,0.19920143884136607
167,toyota,corolla,1,gas,standard,2,hatchback,Rear Wheel Drive,front,94.5,168.7,64.0,52.6,2300,DOHC (Double Overhead Camshaft),4,1.63,Multi-Point Fuel Injection,3.24,3.08,9.4,112,6600,26,29,9538,0.04869565217391304,567911.6799999999,0.896551724137931,0,3.998493017141994,2.2735510019065943,2.588523849074942,0.1821513567715976,0.16808663848482286,0.1996234356429742
168,toyota,corona,2,gas,standard,2,hardtop,Rear Wheel Drive,front,98.4,176.2,65.6,52.0,2540,OHC (Overhead Camshaft),4,2.43,Multi-Point Fuel Injection,3.62,3.5,9.3,116,4800,24,30,8449,0.04566929133858268,601053.4399999998,0.8,0,4.4098089398566405,2.689210779928557,3.097279049905283,0.2689296418048018,0.27033495447345834,0.3013580303179124
169,toyota,corolla,2,gas,standard,2,hardtop,Rear Wheel Drive,front,98.4,176.2,65.6,52.0,2536,OHC (Overhead Camshaft),4,2.43,Multi-Point Fuel Injection,3.62,3.5,9.3,116,4800,24,30,9639,0.04574132492113565,601053.4399999998,0.8,0,4.408257349476501,2.6903084210385853,3.0968251006351717,0.2686022915982406,0.2706049636516242,0.3012672551377818
170,toyota,starlet,2,gas,standard,2,hatchback,Rear Wheel Drive,front,98.4,176.2,65.6,52.0,2551,OHC (Overhead Camshaft),4,2.43,Multi-Point Fuel Injection,3.62,3.5,9.3,116,4800,24,30,9989,0.04547236377891023,601053.4399999998,0.8,0,4.414075813402024,2.686210015874721,3.0985451593968314,0.26982985487284494,0.2695967953168422,0.30161121128928436
171,toyota,tercel,2,gas,standard,2,hardtop,Rear Wheel Drive,front,98.4,176.2,65.6,52.0,2679,OHC (Overhead Camshaft),4,2.43,Multi-Point Fuel Injection,3.62,3.5,9.3,116,4800,24,30,11199,0.04329973870847331,601053.4399999998,0.8,0,4.463726705566493,2.653103754746649,3.1150897904332275,0.28030506148280215,0.26145297282544266,0.3049196026920397
172,toyota,corolla,2,gas,standard,2,hatchback,Rear Wheel Drive,front,98.4,176.2,65.6,52.0,2714,OHC (Overhead Camshaft),4,2.43,Multi-Point Fuel Injection,3.62,3.5,9.3,116,4800,24,30,11549,0.04274134119380987,601053.4399999998,0.8,0,4.477303121392715,2.6445949447429067,3.120157396255707,0.28316937579021234,0.25935988723007886,0.305932960046384
173,toyota,cressida,2,gas,standard,2,convertible,Rear Wheel Drive,front,98.4,176.2,65.6,53.0,2975,OHC (Overhead Camshaft),4,2.43,Multi-Point Fuel Injection,3.62,3.5,9.3,116,4800,24,30,17669,0.038991596638655465,612612.1599999999,0.8,1,4.691261974749126,2.6707900151998283,3.2475937390167404,0.32830981732575965,0.2658036231483576,0.3314161092240052
174,toyota,corolla,-1,gas,standard,4,sedan,Front Wheel Drive,front,102.4,175.6,66.5,54.9,2326,OHC (Overhead Camshaft),4,2.03,Multi-Point Fuel Injection,3.31,3.54,8.7,92,4200,29,34,8948,0.03955288048151333,641089.26,0.8529411764705882,0,5.631817695847772,3.16359126809658,3.4886494527358343,0.5267456374526006,0.3870280015704625,0.3796194598517034
175,toyota,celica,-1,diesel,turbo,4,sedan,Front Wheel Drive,front,102.4,175.6,66.5,54.9,2480,OHC (Overhead Camshaft),4,1.83,Indirect Diesel Injection,3.27,3.35,22.5,73,4500,30,33,10698,0.02943548387096774,641089.26,0.9090909090909091,0,5.835942505911695,2.8849051678886326,3.269699582163264,0.5698113199896822,0.3184738956829376,0.33583656328283124
176,toyota,corona,-1,gas,standard,4,hatchback,Front Wheel Drive,front,102.4,175.6,66.5,53.9,2414,OHC (Overhead Camshaft),4,2.03,Multi-Point Fuel Injection,3.31,3.54,8.7,92,4200,27,32,9988,0.03811101905550953,629411.86,0.84375,0,5.421350541825507,3.058286982881439,3.4174801558837666,0.4823418648941961,0.361124158093295,0.3653879010259098
177,toyota,corolla,-1,gas,standard,4,sedan,Front Wheel Drive,front,102.4,175.6,66.5,54.9,2414,OHC (Overhead Camshaft),4,2.03,Multi-Point Fuel Injection,3.31,3.54,8.7,92,4200,27,32,10898,0.03811101905550953,641089.26,0.84375,0,5.534369827782786,3.141620316214773,3.5008134892171,0.5061863583101588,0.3816233582795656,0.3820518739459731
178,toyota,mark ii,-1,gas,standard,4,hatchback,Front Wheel Drive,front,102.4,175.6,66.5,53.9,2458,OHC (Overhead Camshaft),4,2.03,Multi-Point Fuel Injection,3.31,3.54,8.7,92,4200,27,32,11248,0.03742880390561432,629411.86,0.84375,0,5.438418036007042,3.047891451132643,3.4241521183165067,0.48594271716636883,0.3585669570569594,0.3667220778415441
179,toyota,corolla,3,gas,standard,2,hatchback,Rear Wheel Drive,front,102.9,183.5,67.7,52.0,2976,DOHC (Double Overhead Camshaft),6,2.85,Multi-Point Fuel Injection,3.27,3.35,9.3,161,5200,20,24,16558,0.0540994623655914,645993.4,0.8333333333333334,1,5.124170569596055,3.6316023817001692,4.208794003112116,0.4196436640414706,0.5021542436563747,0.5236250912837219
180,toyota,corona,3,gas,standard,2,hatchback,Rear Wheel Drive,front,102.9,183.5,67.7,52.0,3016,DOHC (Double Overhead Camshaft),6,2.85,Multi-Point Fuel Injection,3.27,3.35,9.3,161,5200,19,24,15998,0.05338196286472149,645993.4,0.7916666666666666,0,5.005848089559067,3.6206691902543557,4.2133767154676995,0.39468031754440647,0.49946478349490414,0.5245414856188485
181,toyota,starlet,-1,gas,standard,4,sedan,Rear Wheel Drive,front,104.5,187.8,66.5,54.1,3131,DOHC (Double Overhead Camshaft),6,2.85,Multi-Point Fuel Injection,3.27,3.35,9.2,156,5200,20,24,15690,0.049824337272436924,675638.67,0.8333333333333334,0,5.645484389970308,3.9672723154630463,4.604588064105405,0.5296289984229218,0.5847258256809832,0.6027711094554907
182,toyota,tercel,-1,gas,standard,4,wagon,Rear Wheel Drive,front,104.5,187.8,66.5,54.1,3151,DOHC (Double Overhead Camshaft),6,2.68,Multi-Point Fuel Injection,3.27,3.35,9.2,156,5200,19,24,15750,0.04950809266899397,675638.67,0.7916666666666666,0,5.519403958032621,3.9239046564287072,4.568978356971764,0.5030289008930516,0.5740577977911251,0.595650319111094
183,volkswagen,rabbit,2,diesel,standard,2,sedan,Front Wheel Drive,front,97.3,171.7,65.5,55.7,2261,OHC (Overhead Camshaft),4,1.62,Indirect Diesel Injection,3.01,3.4,23.0,52,4800,37,46,7775,0.022998673153471916,626421.695,0.8043478260869565,0,5.360072750276727,2.169681210210573,2.469526051172559,0.4694136475129439,0.14253566664542744,0.17582772266146451
184,volkswagen,1131 deluxe,2,gas,standard,2,sedan,Front Wheel Drive,front,97.3,171.7,65.5,55.7,2209,OHC (Overhead Camshaft),4,1.82,Multi-Point Fuel Injection,3.19,3.4,9.0,85,5250,27,34,7975,0.03847894975101856,626421.695,0.7941176470588235,0,4.720294368164949,2.5884197160685805,2.8680938820887514,0.33443499063392323,0.24554132013282443,0.2555284051558142
185,volkswagen,model 111,2,diesel,standard,4,sedan,Front Wheel Drive,front,97.3,171.7,65.5,55.7,2264,OHC (Overhead Camshaft),4,1.62,Indirect Diesel Injection,3.01,3.4,23.0,52,4800,37,46,7995,0.022968197879858657,626421.695,0.8043478260869565,0,6.361236443061832,3.169216830792367,3.470225364539458,0.6806363682965354,0.38841183600079876,0.3759352377703281
186,volkswagen,type 3,2,gas,standard,4,sedan,Front Wheel Drive,front,97.3,171.7,65.5,55.7,2212,OHC (Overhead Camshaft),4,1.82,Multi-Point Fuel Injection,3.19,3.4,9.0,85,5250,27,34,8195,0.03842676311030741,626421.695,0.7941176470588235,0,5.721458060950053,3.5876245008341208,3.8684623596393966,0.5456577114175145,0.4913361070526817,0.4555697637956814
187,volkswagen,411,2,gas,standard,4,sedan,Front Wheel Drive,front,97.3,171.7,65.5,55.7,2275,OHC (Overhead Camshaft),4,1.82,Multi-Point Fuel Injection,3.19,3.4,9.0,85,5250,27,34,8495,0.03736263736263736,626421.695,0.7941176470588235,0,5.745895609437252,3.5714094504994653,3.87668485779194,0.5508134771708527,0.4873473602985951,0.4572139976342724
188,volkswagen,super beetle,2,diesel,turbo,4,sedan,Front Wheel Drive,front,97.3,171.7,65.5,55.7,2319,OHC (Overhead Camshaft),4,1.62,Indirect Diesel Injection,3.01,3.4,23.0,68,4500,37,42,9495,0.029322984044846918,626421.695,0.8809523809523809,0,6.472301065278732,3.3327171449455983,3.6550600464196092,0.7040684722137225,0.4286313440449412,0.41289619937280053
189,volkswagen,dasher,2,gas,standard,4,sedan,Front Wheel Drive,front,97.3,171.7,65.5,55.7,2300,OHC (Overhead Camshaft),4,1.82,Multi-Point Fuel Injection,3.19,3.4,10.0,100,5500,26,32,9995,0.043478260869565216,626421.695,0.8125,0,5.721975136438246,3.7270987593849663,4.042071606553314,0.5457668025604052,0.525645436015067,0.49028600126663474
190,volkswagen,dasher,3,gas,standard,2,convertible,Front Wheel Drive,front,94.5,159.3,64.2,55.6,2254,OHC (Overhead Camshaft),4,1.82,Multi-Point Fuel Injection,3.19,3.4,8.5,90,5500,24,29,11595,0.03992901508429459,568624.5360000001,0.8275862068965517,0,4.277725944232026,2.7413830252741205,3.038512583070862,0.24106314014664923,0.2831688260915295,0.28960663657467334
191,volkswagen,rabbit,3,gas,standard,2,hatchback,Front Wheel Drive,front,94.5,165.7,64.0,51.4,2221,OHC (Overhead Camshaft),4,1.82,Multi-Point Fuel Injection,3.19,3.4,8.5,90,5500,24,29,9980,0.040522287257991896,545086.72,0.8275862068965517,0,3.9339438816950962,2.4004232521267417,2.684752189287331,0.16853296038789173,0.19929599434896764,0.21886599310827695
192,volkswagen,rabbit,0,gas,standard,4,sedan,Front Wheel Drive,front,100.4,180.2,66.9,55.1,2661,OHC (Overhead Camshaft),5,2.27,Multi-Point Fuel Injection,3.19,3.4,8.5,110,5500,19,24,13295,0.04133784291619692,664251.4380000001,0.7916666666666666,0,5.384086143789235,3.578569759086045,4.033573638061996,0.47447992623390794,0.4891087274879363,0.4885866822648562
193,volkswagen,rabbit,0,diesel,turbo,4,sedan,Front Wheel Drive,front,100.4,180.2,66.9,55.1,2579,OHC (Overhead Camshaft),4,1.62,Indirect Diesel Injection,3.01,3.4,23.0,68,4500,33,38,13845,0.026366808840635907,664251.4380000001,0.868421052631579,0,6.304963283154799,2.928050227644871,3.3512465038279577,0.6687640141267714,0.32908716628683843,0.352143311614851
194,volkswagen,dasher,0,gas,standard,4,wagon,Front Wheel Drive,front,100.4,183.1,66.9,55.1,2563,OHC (Overhead Camshaft),4,1.82,Multi-Point Fuel Injection,3.19,3.4,9.0,88,5500,25,31,12290,0.034334763948497854,674941.3890000001,0.8064516129032258,0,5.805043051140304,3.178150002465936,3.5951399171284644,0.563292239289316,0.3906093104940165,0.4009141104303085
195,volvo,145e,-2,gas,standard,4,sedan,Rear Wheel Drive,front,104.3,188.8,67.2,56.2,2912,OHC (Overhead Camshaft),4,2.35,Multi-Point Fuel Injection,3.78,3.15,9.5,114,5400,23,28,12940,0.03914835164835165,713029.6320000001,0.8214285714285714,0,5.85631031549207,3.2853830392013084,3.837749214531021,0.5741084635906462,0.41698760833345766,0.4494281275751701
196,volvo,144ea,-1,gas,standard,4,wagon,Rear Wheel Drive,front,104.3,188.8,67.2,57.5,3034,OHC (Overhead Camshaft),4,2.35,Multi-Point Fuel Injection,3.78,3.15,9.5,114,5400,23,28,13415,0.037574159525379035,729523.2000000001,0.8214285714285714,0,6.253896632721787,3.5697289776555037,4.169418659579476,0.6579901147899317,0.48693398010776356,0.5157512953835687
197,volvo,244dl,-2,gas,standard,4,sedan,Rear Wheel Drive,front,104.3,188.8,67.2,56.2,2935,OHC (Overhead Camshaft),4,2.35,Multi-Point Fuel Injection,3.78,3.15,9.5,114,5400,24,28,15985,0.03884156729131175,713029.6320000001,0.8571428571428571,0,5.983918828864742,3.2807082873665947,3.8419961073821107,0.6010309514754626,0.4158376642492865,0.4502773688647496
198,volvo,245,-1,gas,standard,4,wagon,Rear Wheel Drive,front,104.3,188.8,67.2,57.5,3042,OHC (Overhead Camshaft),4,2.35,Multi-Point Fuel Injection,3.78,3.15,9.5,114,5400,24,28,16515,0.03747534516765286,729523.2000000001,0.8571428571428571,1,6.375686682168935,3.5682232535549216,4.171016116239173,0.6836850394001437,0.4865635864306061,0.5160707350777867
199,volvo,264gl,-2,gas,turbo,4,sedan,Rear Wheel Drive,front,104.3,188.8,67.2,56.2,3045,OHC (Overhead Camshaft),4,2.17,Multi-Point Fuel Injection,3.62,3.15,7.5,162,5100,17,22,18420,0.053201970443349754,713029.6320000001,0.7727272727272727,1,5.459372349974181,3.658714464140776,4.262671019610132,0.49036359982540745,0.5088235557213746,0.534398753010963
200,volvo,diesel,-1,gas,turbo,4,wagon,Rear Wheel Drive,front,104.3,188.8,67.2,57.5,3157,OHC (Overhead Camshaft),4,2.17,Multi-Point Fuel Injection,3.62,3.15,7.5,162,5100,17,22,18950,0.05131453911941717,729523.2000000001,0.7727272727272727,1,5.853079691253549,3.9382872924418955,4.585688378555161,0.5734268755082901,0.5775957882092124,0.5989917832770069
201,volvo,145e,-1,gas,standard,4,sedan,Rear Wheel Drive,front,109.1,188.8,68.9,55.5,2952,OHC (Overhead Camshaft),4,2.35,Multi-Point Fuel Injection,3.78,3.15,9.5,114,5400,23,28,16845,0.03861788617886179,721961.7600000001,0.8214285714285714,1,6.3178082441745635,3.558908212763334,4.1267902918944435,0.6714740081412429,0.48427217579944565,0.5072269998068101
202,volvo,144ea,-1,gas,turbo,4,sedan,Rear Wheel Drive,front,109.1,188.8,68.8,55.5,3049,OHC (Overhead Camshaft),4,2.35,Multi-Point Fuel Injection,3.78,3.15,8.7,160,5300,19,25,19045,0.05247622171203673,720913.92,0.76,1,5.998015072755541,3.9617469225057373,4.567255068355232,0.6040049376566441,0.5833666320449069,0.595305717093022
203,volvo,244dl,-1,gas,standard,4,sedan,Rear Wheel Drive,front,109.1,188.8,68.9,55.5,3012,OHC (Overhead Camshaft),6,2.88,Multi-Point Fuel Injection,3.58,2.87,8.8,134,5500,18,23,21485,0.04448871181938911,721961.7600000001,0.782608695652174,1,5.971800034370336,4.051882053490066,4.64303798832327,0.5984741620471477,0.6055390091712685,0.6104598514068306
204,volvo,246,-1,diesel,turbo,4,sedan,Rear Wheel Drive,front,109.1,188.8,68.9,55.5,3217,OHC (Overhead Camshaft),6,2.42,Indirect Diesel Injection,3.01,3.4,23.0,106,4800,26,27,22470,0.032949953372707494,721961.7600000001,0.9629629629629629,1,6.8378880109878235,3.65508045616674,4.3257553979821,0.7811989853477146,0.5079296246381155,0.5470135894853968
205,volvo,264gl,-1,gas,turbo,4,sedan,Rear Wheel Drive,front,109.1,188.8,68.9,55.5,3062,OHC (Overhead Camshaft),4,2.35,Multi-Point Fuel Injection,3.78,3.15,9.5,114,5400,19,25,22625,0.037230568256041804,721961.7600000001,0.76,1,6.014054863732603,3.537768389769716,4.1483192043546655,0.6073889679759521,0.4790719822380637,0.5115320863776367
